code,name,name_ja,value,year
ABW,Aruba,アルバ,2.04,2006
AFG,Afghanistan,アフガニスタン,0.97,2017
ALB,Albania,アルバニア,3.06,2023
ARG,Argentina,アルゼンチン,2.9,2022
ARM,Armenia,アルメニア,3.4,2023
ATG,Antigua and Barbuda,アンティグア・バーブーダ,1.4,2022
AUS,Australia,オーストラリア,6.62,2022
AUT,Austria,オーストリア,3.26,2023
AZE,Azerbaijan,アゼルバイジャン,6.85,2023
BDI,Burundi,ブルンジ,2.08,2005
BEL,Belgium,ベルギー,3.98,2023
BEN,Benin,ベナン,1.03,2013
BFA,Burkina Faso,ブルキナファソ,4.32,2022
BGD,Bangladesh,バングラデシュ,1.69,2022
BGR,Bulgaria,ブルガリア,2.9,2023
BHR,Bahrain,バーレーン,0.05,2020
BIH,Bosnia and Herzegovina,ボスニア・ヘルツェゴビナ,2.09,2023
BLR,Belarus,ベラルーシ,3.27,2023
BLZ,Belize,ベリーズ,3.73,2022
BOL,Bolivia,ボリビア,3.62,2018
BRA,Brazil,ブラジル,4.34,2022
BRB,Barbados,バルバドス,4.39,2022
BRN,Brunei Darussalam,ブルネイ,20.66,2009
BTN,Bhutan,ブータン,5.64,2022
BWA,Botswana,ボツワナ,10.31,1994
CAF,Central African Republic,Central African Republic,1.06,2012
CAN,Canada,カナダ,4.66,2023
CHE,Switzerland,スイス,3.19,2023
CHL,Chile,チリ,5.22,2023
CHN,"China, P.R.: Mainland",中国,3.27,2023
CIV,Cote d'Ivoire,コートジボワール,1.89,2022
CMR,Cameroon,カメルーン,2.4,2022
COD,"Congo, Dem. Rep.",コンゴ民主共和国,5.35,2022
COG,"Congo, Rep.",コンゴ共和国,0.74,2022
COL,Colombia,コロンビア,7.19,2023
COM,Comoros,コモロ,1.17,2004
CPV,Cabo Verde,カーボベルデ,1.33,2022
CRI,Costa Rica,コスタリカ,2.65,2023
CUB,Cuba,キューバ,6.82,2021
CYP,Cyprus,キプロス,6.62,2023
CZE,Czechia,チェコ,4.67,2023
DEU,Germany,ドイツ,2.29,2023
DJI,Djibouti,ジブチ,1.98,2007
DMA,Dominica,ドミニカ国,2.02,2006
DNK,Denmark,デンマーク,3.78,2023
DOM,Dominican Republic,ドミニカ共和国,2.25,2022
ECU,Ecuador,エクアドル,1.16,2022
EGY,Egypt,エジプト,4.17,2023
ERI,Eritrea,エリトリア,4.28,2002
ESP,Spain,スペイン,2.88,2023
EST,Estonia,エストニア,1.88,2023
ETH,Ethiopia,エチオピア,1.39,2007
FIN,Finland,フィンランド,2.91,2023
FJI,Fiji,フィジー,3.3,2022
FRA,France,フランス,2.32,2023
FSM,"Micronesia, Federated States of","Micronesia, Federated States of",4.57,2023
GBR,United Kingdom,イギリス,3.52,2023
GEO,Georgia,ジョージア,2.52,2023
GHA,Ghana,ガーナ,3.32,2022
GIN,Guinea,ギニア,1.49,2022
GMB,"Gambia, The","Gambia, The",1.73,2006
GNB,Guinea-Bissau,ギニアビサウ,1.63,2023
GNQ,Equatorial Guinea,赤道ギニア,4.62,2022
GRC,Greece,ギリシャ,2.48,2022
GRD,Grenada,グレナダ,1.6,2013
GTM,Guatemala,グアテマラ,2.94,2022
GUY,Guyana,ガイアナ,3.45,2022
HKG,"China, P.R.: Hong Kong",香港,5.57,2023
HND,Honduras,ホンジュラス,4.0,2022
HRV,Croatia,クロアチア,3.01,2023
HTI,Haiti,ハイチ,0.57,2006
HUN,Hungary,ハンガリー,2.16,2023
IDN,Indonesia,インドネシア,4.06,2023
IND,India,インド,3.21,2016
IRL,Ireland,アイルランド,4.74,2023
IRN,Iran,イラン,3.43,2005
IRQ,Iraq,イラク,0.22,2014
ISL,Iceland,アイスランド,3.34,2023
ISR,Israel,イスラエル,3.58,2023
ITA,Italy,イタリア,2.72,2023
JAM,Jamaica,ジャマイカ,3.03,2022
JOR,Jordan,ヨルダン,2.48,2018
JPN,Japan,日本,4.42,2023
KAZ,Kazakhstan,カザフスタン,6.0,2022
KEN,Kenya,ケニア,1.79,2022
KGZ,Kyrgyz Republic,キルギス,4.13,2023
KHM,Cambodia,カンボジア,3.71,2022
KIR,Kiribati,キリバス,3.35,2023
KNA,Saint Kitts and Nevis,セントクリストファー・ネービス,2.52,2015
KOR,"Korea, Republic of",韓国,3.87,2023
KSV,"Kosovo, Rep. of","Kosovo, Rep. of",2.83,2023
KWT,Kuwait,クウェート,0.37,1998
LAO,Lao People’s Democratic Republic,ラオス,1.51,2022
LBR,Liberia,リベリア,0.82,2004
LCA,Saint Lucia,セントルシア,1.54,2022
LIE,Liechtenstein,リヒテンシュタイン,3.67,2021
LKA,Sri Lanka,スリランカ,1.39,2022
LSO,Lesotho,レソト,2.18,2022
LTU,Lithuania,リトアニア,2.65,2023
LUX,Luxembourg,ルクセンブルク,4.99,2023
LVA,Latvia,ラトビア,1.33,2023
MAC,"China, P.R.: Macao",マカオ,2.04,2023
MAR,Morocco,モロッコ,5.39,2022
MDA,"Moldova, Rep. of",モルドバ,3.14,2023
MDG,Madagascar,マダガスカル,1.7,2022
MDV,Maldives,モルディブ,4.2,2022
MEX,Mexico,メキシコ,3.91,2023
MHL,Marshall Islands,マーシャル諸島,3.36,2006
MKD,"North Macedonia, Republic of",北マケドニア,2.35,2023
MLI,Mali,マリ,2.99,2022
MLT,Malta,マルタ,4.15,2023
MMR,Myanmar,ミャンマー,0.22,1999
MNE,Montenegro,モンテネグロ,1.51,2021
MNG,Mongolia,モンゴル,5.11,2022
MOZ,Mozambique,モザンビーク,6.48,2022
MRT,Mauritania,モーリタニア,3.07,2022
MSR,Montserrat,モントセラト,2.26,2014
MUS,Mauritius,モーリシャス,3.3,2022
MWI,Malawi,マラウイ,2.34,2022
MYS,Malaysia,マレーシア,5.93,2022
NAM,Namibia,ナミビア,4.3,2022
NER,Niger,ニジェール,1.64,2022
NGA,Nigeria,ナイジェリア,1.63,2023
NIC,Nicaragua,ニカラグア,7.3,2022
NLD,Netherlands,オランダ,4.89,2023
NOR,Norway,ノルウェー,11.72,2023
NPL,Nepal,ネパール,3.49,2017
NZL,New Zealand,ニュージーランド,4.29,2023
OMN,Oman,オマーン,1.14,2013
PAK,Pakistan,パキスタン,1.73,2004
PAN,Panama,パナマ,1.73,2014
PER,Peru,ペルー,5.85,2022
PHL,Philippines,フィリピン,2.81,2022
PNG,Papua New Guinea,パプアニューギニア,6.83,2022
POL,Poland,ポーランド,2.63,2023
PRT,Portugal,ポルトガル,3.47,2023
PRY,Paraguay,パラグアイ,2.45,2023
QAT,Qatar,カタール,4.46,2023
ROU,Romania,ルーマニア,3.06,2022
RUS,Russian Federation,ロシア,5.1,2023
RWA,Rwanda,ルワンダ,3.46,2022
SAU,Saudi Arabia,サウジアラビア,0.97,2023
SDN,Sudan,スーダン,0.64,2006
SEN,Senegal,セネガル,2.61,2022
SGP,Singapore,シンガポール,4.74,2023
SLB,Solomon Islands,ソロモン諸島,2.09,2022
SLE,Sierra Leone,シエラレオネ,1.11,2022
SLV,El Salvador,エルサルバドル,4.42,2023
SMR,"San Marino, Rep. of",サンマリノ,4.44,2023
SOM,Somalia,ソマリア,0.04,2023
SRB,Serbia,セルビア,2.95,2022
STP,Sao Tome and Principe,サントメ・プリンシペ,2.32,2011
SUR,Suriname,スリナム,3.96,2006
SVK,Slovakia,スロバキア,3.54,2023
SVN,Slovenia,スロベニア,2.33,2023
SWE,Sweden,スウェーデン,3.56,2023
SWZ,Eswatini,エスワティニ,3.0,2022
SYC,Seychelles,セーシェル,4.11,2022
SYR,Syrian Arab Republic,シリア,6.25,2007
TCD,Chad,チャド,6.51,2022
TGO,Togo,トーゴ,2.51,2022
THA,Thailand,タイ,4.27,2023
TJK,Tajikistan,タジキスタン,3.07,2022
TKM,Turkmenistan,トルクメニスタン,3.7,2008
TLS,Timor-Leste,東ティモール,16.81,2022
TON,Tonga,トンガ,2.81,2017
TTO,Trinidad and Tobago,トリニダード・トバゴ,11.58,2022
TUN,Tunisia,チュニジア,3.09,2022
TUR,Türkiye,トルコ,2.96,2023
TUV,Tuvalu,ツバル,2.61,2022
TZA,Tanzania,タンザニア,2.2,2023
UGA,Uganda,ウガンダ,0.93,2022
UKR,Ukraine,ウクライナ,2.45,2023
URY,Uruguay,ウルグアイ,2.7,2021
USA,United States,アメリカ合衆国,2.05,2023
UZB,Uzbekistan,ウズベキスタン,3.0,2002
VCT,Saint Vincent and the Grenadines,セントビンセント・グレナディーン,2.46,2017
VEN,Venezuela,ベネズエラ,0.59,2015
VNM,Vietnam,ベトナム,2.92,2022
WBG,West Bank and Gaza,パレスチナ(西岸・ガザ),0.24,2021
WSM,Samoa,サモア,2.76,2022
YEM,Yemen,イエメン,1.2,2002
ZAF,South Africa,南アフリカ,5.81,2022
ZMB,Zambia,ザンビア,4.26,2022
ZWE,Zimbabwe,ジンバブエ,3.92,2021
